path	original_sha256	current_sha256
docs/artifacts/observatory/o1_h1_agent_lifecycle.html	5cc75bfcb64a049ce02fc158896cf22b5ace7c4017ebaed55106cf69ae8af571	7b80a3f64d08cbf9fd994d497310a6de06f4e87f8d40f4fe3f4738c570ae4cf6
docs/artifacts/observatory/o1_recorded_nao_canary.html	e4de8bfaf8d6eab2d78ee9819f6159f704633d6c21f872a7755a5eafa5d8cf83	8a0cdebd7938f5cfa26c823642a0184403b04214917988287106a8d1aec04f0a
docs/artifacts/reviews/2026-10-08_uah_consolidation_evidence/before/universal_agentic_harness_development_log.md.txt	7965ae0cdd81f05a702a743b964c05c6bb6b76de38f8908e25197e6a820c7312	f34bcad52b6a49a857f9eea867bcf85ada21c75305684281d0e980a8ac6ff272
docs/artifacts/reviews/2026-10-08_uah_o1_raw_identity_evidence/public_red.log	4661b892fca96bdebff2c0842b863592887966ca075abd71f9c7f266656dc41b	4233efbd3ed2bce1e7459ecf80dc14e1c4809722161dae72175ef7d10efae388
docs/artifacts/reviews/2026-10-08_uah_r3_ledger_integrity_evidence/baseline_red.log	301f0da324a7ec35d945f172d27d176a368ccb053d1433cc056b6e6f0ec901df	6b43e7578dc35757f57aad1b13bc06b24c3638811c817e4709b889403b036ccb
docs/artifacts/reviews/2026-10-08_uah_r3_ledger_integrity_evidence/lifecycle.delta.patch	736a1031f622e72983e1fce1d29329779767ab5ebd90576fc9ed53dc68d9bb33	9fa10f08d8ade03270729abe186334dd49305a589f552e0be7b87c95e94230b2
docs/artifacts/reviews/2026-10-08_uah_r3_ledger_integrity_evidence/tests.delta.patch	61d6170fb5d9ac55b5bb3aaf4cadccb37c10b3a0d62154f938f20102761f90a1	03de1ee7d21479f2136e357b42df40a3ef503facc74f318b57b2c9a3d4f7c207
docs/artifacts/reviews/2026-10-08_uah_r4_admitted_object_snapshot_evidence/environment.py.delta.patch	e1003841b5c044ace652fbdadb7bd5990a87b23d3a061001f828f553d20eede6	3b7e86e7814acc902609ee50babc7aa365a744264c5f8787f68d228f10b7201f
docs/artifacts/reviews/2026-10-08_uah_r4_admitted_object_snapshot_evidence/proposal_admission.py.delta.patch	7a3dd98d85690f1d4abbd3b14e124dfbddb637b5395b3ea079ce6423a9c2950e	d8265d1c5d4e5bfe4b77db41229ae7af7fb8a63add1ce6402c27a860aa7b2e2c
docs/artifacts/reviews/2026-10-08_uah_r4_fix_evidence/domain_lifecycle.py.delta.patch	55e02111a90c75461ae84f3f4894883358bf5fad65d3d36a509f4f90811cc858	6ef7a0db709bae70108725f6dbc36a12521d84e65c95287e223915fbfda648b7
docs/artifacts/reviews/2026-10-08_uah_r4_fix_evidence/environment.py.delta.patch	4ccd846ce5f5a0c4eba38c6f062db4103fffa38bd1cc7e9d0ee2b9fee7cd5f64	19df2c55eca41bd83b72cc26bac9bac73000c2830e37ac7f24f13f18e7014089
docs/artifacts/reviews/2026-10-08_uah_r4_fix_evidence/lifecycle.py.delta.patch	fc37c9248f87023121a6e4ff411c47a254a5a5dfa335f8e6e8fbec0b674360ea	f77a123b4936d8363b24a9f38cf5a9661fbc41738b34675148aeeae77528b47a
docs/artifacts/reviews/2026-10-08_uah_r4_fix_evidence/proposal_admission.py.delta.patch	c4a86ca5a7643b3b35890c53f713afe93179d6c78f0759fbcba3c76b75401f8f	ecf7a4fa7ef66d25878454bc3269a1b97652051250f74a01335d8777782372d7
docs/artifacts/reviews/2026-10-08_uah_r4_fix_evidence/r4fix_full2.log	f101063f09572d9badaac32716ddd51926b701491ce8cc25c9f2598a5426bbe8	656506712b9a24c510b5c2339e2f374dfd2b2ffcbe3863458540ebf5f25e6701
docs/artifacts/reviews/2026-10-08_uah_r4_fix_evidence/r4fix_old_test_red.log	6a35bbd51e371b38bfa87878fc665a7ccadb11821a6dbb3a6f6217cd02b8341d	37a8558a5b99f62a88ddca62a16703796ba0673d6189c80517f143dde6f5ad67
docs/artifacts/reviews/2026-10-08_uah_r4_fix_evidence/r4fix_receipt_red.log	e18d538d575c4009c96c006cfea994a06e34fa27cce6bb2db1a8b60efaa08aef	187f80552538fcc63d577c47ec263e9797fc7a3ab4db5d6d9477717df2e3d80b
docs/artifacts/reviews/2026-10-08_uah_r4_fix_second_before.xml	07f3ab42757a8d576336db1ceb8a23fac88b1a53c9b4d3c4742ee537e64bcd73	2ec5d09e106cbdf9def363872dab550ebadf9c0d6ed9f202e1cb02cc9e8cb602
docs/artifacts/reviews/2026-10-08_uah_r4_fix_second_current.xml	378f894e750b7a809db8c7e8bc7f2a4351b669c56d9b4e5c096cb2207416ca4f	9a65aa6d3a0dad73bf53a06f176244920c3ca93622c1924d90ccb843e36dd8d4
docs/artifacts/reviews/2026-10-08_uah_r4_nested_owner_evidence/detached_dispatch_green.txt	d651999af43b4502cc9a6eff0da7bd3d4007e71b70eaf3f8acacbaa703f05dd5	615346574e154b3beff92a0c3300cc216b1d715cbac6441c7dbf923797c8c68f
docs/artifacts/reviews/2026-10-08_uah_r4_nested_owner_evidence/detached_dispatch_red.txt	3d7d39d2064922dca87a8761f08b5abbc512ca460cd642ca68649e4f8cec9da9	5439c253984b3aecdf527b0f0011cd3fd927757074010e5707732924c18a374e
docs/artifacts/reviews/2026-10-08_uah_r4_nested_owner_evidence/focused_final.txt	32fc946af0573fc9f982ffe01fe61eb31e5df6fc36667552beedec092153ae2e	20b7260c802f89d003aac99ac9c057757181ffddab8ec88ba57f1e7e399b8109
docs/artifacts/reviews/2026-10-08_uah_r4_nested_owner_evidence/full_shared_tree.txt	4cb9ca8a88bcf3067617582c40507806c0043be9f6a735d178e3bc41c8de16d9	3eae2901195d2f87bf5f6cfdecd82834150c277183f333f9e2c0259aebadfa47
docs/artifacts/reviews/2026-10-08_uah_r4_nested_owner_evidence/ledger_record_green.txt	700599b4ec126c7f8f756ce05bf6282d7fd8e4a043b4420232011b4617ad4dd7	f7da7f86cbf89957a3d2994d522437ec98ca4c257402418f86bbcbd223cc7b9e
docs/artifacts/reviews/2026-10-08_uah_r4_nested_owner_evidence/ledger_record_red.txt	43831124d9bdcc4c7f682faa4ac89fd03ae5b2412bc297849bf77ac3ee9fb6f8	9c072ef9c05fa8e0e8d2c0d39efc706612a12736c470c22fe4513aa92dabd7fa
docs/artifacts/reviews/2026-10-08_uah_r4_nested_owner_evidence/original_second_review_controls.txt	b939046fdb72630ed9a3ff319dbfd05cdd16d0f954ba605995fd8cd3ae908462	c453e41602ea2f8f42a1fc6066748208b80697ca0e107b82928592576f1c1201
docs/artifacts/reviews/2026-10-08_uah_r4_nested_owner_evidence/serializer_green.txt	971a8a936879fd05ded968776f47f177370985923c0adeef34d6d5bee7573a09	09229b326b028651d725fa47cd1bae9fd8e0145ff8779bdb84ae2762c00ab737
docs/artifacts/reviews/2026-10-08_uah_r4_nested_owner_evidence/serializer_red.txt	694ad9bd0996334af7178176c37ded5de38062360f60e946bec8d214594d2dca	4469f1cb549612f7dd8c3f3ba9648a8bdd0e70fe5be5a060ca7b2328e2b9b20c
docs/artifacts/reviews/2026-10-08_uah_r4_nested_owner_evidence/source_delta.patch	5e5993ded7500536f0fc6606a1addb030a69bfb65a7acc35278508a9ca9d38f1	c4999fc101fe9764e2c2bd58dee4335c4fff80938cee837c644c6b4e879055c1
docs/artifacts/reviews/2026-10-08_uah_research_dashboard_final_evidence/render_research_dashboard.py.delta.patch	216f841e72ce314512bfe7d39db4c4d2d71004c370006aa0d86787ff7ae905ab	b2128ca88dbca653e4b24bf49dcef0f190e1e2b11d6cecd0e5e0780e4d2fe15e
docs/artifacts/reviews/2026-10-08_uah_research_dashboard_final_evidence/test_research_dashboard.py.delta.patch	f519cba60858ebc9c4f16c61b6dfc92360d6efe6613043352f4ccf0bdb33a7b3	56593d3be8e709d437f63e4a5dd49465ec71c9f921c140957ba682757460a098
docs/artifacts/reviews/2026-10-08_uah_research_dashboard_fix_evidence/literal_red.log	2e398d7141c98c6a4191864cbea0ba3e55d9b5fcfa657ab0245fe2780aae9fd6	04af37a592372c44f4da70fa8fe080254a7c397c5d0851b38f9e8dd6e6b97737
docs/artifacts/reviews/2026-10-08_uah_research_dashboard_fix_evidence/markdown.delta.patch	9c8651c9b3d294ee5cbb366ee4b5c9d6ecda74da14346509d8bf186fbb608d80	b046d9cc2a4968a0d51d18bb7d5b6ae3c902401991c36f5aceb05aad9ae0a078
docs/artifacts/reviews/2026-10-08_uah_research_dashboard_fix_evidence/renderer.delta.patch	0a2ad4961abb85343d9d58ea413dab21be06bb2f79e0480380d7216532f07d4b	4a626e385575c080f256ca59d176f70ed8f9f90af1ad242d31b69155b45e7bc3
docs/artifacts/reviews/2026-10-08_uah_research_dashboard_fix_evidence/tests.delta.patch	111362f666afaaf9bc16a0ef7088d585227ef2f80d676e1f13895129211437c1	847613c6bf32eada31d655336bf76ba96e8fc5580cee5b05ad73368c05a2d4fe
